"LABEL","X","Y","EID"
"Abbotts Harbour",-65.833333,43.666667,1
"Abrahams Cove",-58.976,48.517,2
"Abrams Village",-64.1125,46.441667,3
"Admirals Beach",-53.65,47.0167,4
"Advocate",-64.766667,45.4,5
"Alberton (Northport)",-64.058333,46.795833,6
"Alder Point",-60.266667,46.316667,7
"Allendale",-65.1,43.933333,8
"Alma",-65.5,45.6,9
"Anchor Point",-56.8,51.2333,10
"Anderson Cove (Hillsburn)",-65.583333,44.783333,11
"Anse-Bleue",-65.079167,47.829167,12
"Aquaforte",-52.981,47.014,13
"Argentia - Boat Pool",-54.021,47.316,14
"Arichat",-61.016666,45.516666,15
"Arisaig",-62.175,45.758333,16
"Arnold'S Cove",-54,47.75,17
"Arrow Point",-60.933333,45.5,18
"Aspen Cove",-54.147,49.455,19
"Aspotogan",-64.05,44.55,20
"Aulds Cove",-61.433333,45.65,21
"Back Bay",-66.87,45.05,22
"Back Harbour (Chester)",-65.166667,43.733333,23
"Baglole Point (Bagloles Shore)",-63.920833,46.483333,24
"Baileys Brook (Lismore)",-62.275,45.708333,25
"Baine Harbour",-54.901,47.362,26
"Bakers Brook",-57.974,49.675,27
"Bald Rock",-65.55,44.466667,28
"Ballantynes Cove (Mcnairs Cove, Cape George)",-61.920833,45.858333,29
"Bank Head Cove",-58.6833,48.3667,30
"Bar Haven",-54.35,47.6333,31
"Bareneed",-53.268,47.578,32
"Barkers",-64.958333,47.054167,33
"Barr'D Harbour",-57.0667,50.8167,34
"Barr'D Island",-54.203,49.72,35
"Barrachois",-63.266667,45.729167,36
"Barre-De-Cocagne (Cormierville)",-64.620833,46.408333,37
"Barrington",-65.566667,43.583333,38
"Barrios Beach (Tracadie)",-61.625,45.641667,39
"Bartletts Harbour",-57,50.95,40
"Bas Caraquet",-66.42,45.87,41
"Bas-Caraquet - Port De Plaisance",-64.870833,47.8,42
"Bas-Neguac (Lower Neguac)",-65.054167,47.254167,43
"Basin Head",-62.108333,46.375,44
"Battery Point (Victoria Beach)",-65.75,44.716667,45
"Battle Harbour",-55.5833,52.2667,46
"Bauline",-52.847,47.723,47
"Bauline East",-52.85,47.1833,48
"Bay Bulls",-52.8167,47.3167,49
"Bay De Verde",-52.9,48.0833,50
"Bay Du Vin",-65.145833,47.041667,51
"Bay Fortune",-62.35,46.329167,52
"Bay L'Argent",-54.917,47.537,53
"Bay Roberts",-53.299,47.599,54
"Bayfield (Pomquet Point)",-61.754167,45.65,55
"Bayport",-64.333333,44.316667,56
"Beach Point",-62.4875,46.016667,57
"Beachside",-55.87,49.68,58
"Bear Cove (St.Barbe)",-56.77,51.25,59
"Bear Point",-65.666667,43.483333,60
"Beaumont",-55.688,49.607,61
"Beaver Harbour",-66.45,45.06,62
"Beaver Harbour",-66.75,45.07,63
"Bedford",-66.15,45.43,64
"Belle River",-62.845833,45.975,65
"Belleoram",-55.432,47.535,66
"Belyeas Cove (Websters)",-66,45.71,67
"Bideford",-63.908333,5.067778,68
"Big Bras Dor",-60.5,46.25,69
"Big Brook",-56.15,51.5167,70
"Big Island",-62.45,45.65,71
"Big Tancook Island",-64.166667,44.483333,72
"Birchy Bay",-54.749,49.345,73
"Bird Cove",-56.9333,51.05,74
"Biscay Bay",-53.298,46.744,75
"Biscayan Cove",-52.791,47.797,76
"Black Duck Brook",-58.914,48.703,77
"Black Duck Cove",-56.797,51.193,78
"Black River",-66.79,45.05,79
"Black Tickle",-55.7667,53.4667,80
"Blandford (Shoal Cove)",-64.15,44.5,81
"Blow Me Down",-53.198,47.601,82
"Blue Beach",-58.771,48.792,83
"Blue Cove",-56.8667,51.1,84
"Blue Rocks (Sand Cove)",-64.266667,44.383333,85
"Boat Harbour",-54.842,47.429,86
"Bonavista",-53.1167,48.65,87
"Borden",-63.7,45.25,88
"Botsford (Murray Corner)",-63.9375,46.166667,89
"Boutiliers Point",-63.95,44.666667,90
"Boxey",-55.569,47.453,91
"Boynes Cove",-66.5,45.13,92
"Brae Harbour",-64.1875,46.616667,93
"Bragg'S Island",-53.7167,48.9333,94
"Branch",-53.95,46.8833,95
"Brent'S Cove",-55.7167,49.9333,96
"Bridgeport",-54.867,49.545,97
"Brig Bay",-56.903,51.056,98
"Brighton",-55.652,49.538,99
"Brigus",-53.214,47.537,100
"Brigus South",-52.8833,47.1167,101
"Broad Cove",-65.85,44.66,102
"Broad Cove Marsh",-61.258333,46.304167,103
"Brooklyn",-64.7,44.066667,104
"Brooks Shore (Brooks Wharf)",-63.925,46.654167,105
"Browns Cove (Heatherton)",-58.771,48.29,106
"Browns Flat (Grand View)",-66.14,45.47,107
"Brownsdale",-53.123,48.037,108
"Burgeo",-57.6167,47.6167,109
"Burgoynes Cove",-53.731,48.175,110
"Burin",-55.1667,47.0333,111
"Burnside",-53.843,48.702,112
"Burnt Cove",-52.85,47.2,113
"Burnt Island",-58.8833,47.6,114
"Burton",-66.45,45.86,115
"Burton (Burton Court House)",-66.45,45.86,116
"Bush Island",-64.35,44.233333,117
"Calvert",-52.916,47.057,118
"Camp Cove (Lower Argyle)",-65.716667,43.75,119
"Campbells Creek",-58.869,48.528,120
"Campbellton",-54.94,49.287,121
"Canada Creek",-64.75,45.2,122
"Cannings Cove",-53.849,48.447,123
"Canso",-61,45.333333,124
"Cap-Bateau",-64.520833,47.825,125
"Cap-De-Cocagne",-64.570833,46.358333,126
"Cap-De-St-Louis",-64.916667,46.758333,127
"Cap-Des-Caissie",-64.508333,46.3125,128
"Cap-Lumiere (Richibucto Cape)",-64.7125,46.679167,129
"Cape Broyle",-52.963,47.091,130
"Cape Charles (Lodge Bay)",-55.718,52.179,131
"Cape Freels North",-53.512,49.271,132
"Cape John",-63.125,45.795833,133
"Cape St. George (Rouzes Brook)",-59.271,48.47,134
"Cape St.Marys",-66.2,44.133333,135
"Cape Tormentine",-63.775,46.129167,136
"Cape Traverse",-63.654167,46.233333,137
"Caplin Cove (Conception Bay)",-52.986,48.039,138
"Capstan Island",-56.7333,51.5667,139
"Caraquet",-64.925,47.795833,140
"Carbonear",-53.239,47.732,141
"Cardigan (Bridge)",-62.616667,46.229167,142
"Caribou (Little Caribou Entrance)",-62.658333,45.725,143
"Caribou Ferry",-62.6875,45.7375,144
"Carmanville",-54.258,49.367,145
"Carters Point (Murphy Cove)",-62.783333,44.783333,146
"Cartwright",-57.0167,53.7,147
"Castors River North",-56.95,50.9167,148
"Catalina",-53.0833,48.5167,149
"Centerville",-53.8667,49.0167,150
"Central Port Mouton",-64.866667,43.9,151
"Central Port Mouton (Nickersons)",-64.85,43.9,152
"Champney'S West",-53.3,48.3833,153
"Chance Cove",-53.861,47.705,154
"Chance Harbour",-66.45,45.13,155
"Change Islands",-54.4167,49.6667,156
"Channel (Port Aux Basques)",-59.15,47.5667,157
"Chapel Cove (Lardoise West)",-60.766667,45.6,158
"Charlos Cove -Breakwater,Groyn",-61.316667,45.25,159
"Chebogue (Town Point Hill)",-66.1,43.783333,160
"Chegoggin (Pembroke Dyke)",-66.15,43.883333,161
"Chegoggin Point",-66.166667,43.866667,162
"Chester",-64.283333,44.533333,163
"Chester Basin",-64.083333,44.45,164
"Cheticamp (La Digue)",-61.008333,46.6375,165
"Cheticamp - Town Wharf",-61.016667,46.625,166
"Cheticamp Point",-61.058333,46.604167,167
"Chockpish (Cote-Sainte-Anne)",-64.716667,46.5875,168
"Chocolate Cove",-66.96,44.95,169
"Church Point",-66.133333,44.333333,170
"Clarks Harbour",-65.6333,43.43833,171
"Coachman'S Cove",-56.1167,50.0667,172
"Cocagne - Port De Plaisance",-64.625,46.333333,173
"Codroy",-59.319,47.852,174
"Coffin Island",-64.633333,44.033333,175
"Coley'S Point",-53.288,47.584,176
"Colwells",-66.08,45.72,177
"Comeauville",-66.15,44.266667,178
"Comfort Cove",-54.877,49.41,179
"Conception Harbour",-53.221,47.444,180
"Conche",-55.9,50.8833,181
"Conne River",-55.786,47.863,182
"Cooks Cove",-61.5,45.366667,183
"Cooks Harbour",-55.8667,51.6,184
"Coomb'S Cove",-55.645,47.459,185
"Coopers Point",-62.7,44.783333,186
"Cottage Cove",-65.116667,44.966667,187
"Cottlesville",-54.85,49.5,188
"Covehead",-63.145833,46.429167,189
"Cow Head",-57.8167,49.9167,190
"Cox'S Cove",-58.1,49.132,191
"Crane Cove (Eskasoni)",-61.1,45.216667,192
"Cribbons Point",-61.895833,45.758333,193
"Cripple Creek",-65.6,43.5,194
"Crow Head",-54.811,49.675,195
"Culloden",-65.866667,44.666667,196
"Cupids",-53.237,47.55,197
"Curry Cove",-66.94,44.93,198
"Daniel'S Harbour",-57.598,50.237,199
"Darnley (Bridge)",-63.666667,46.533333,200
"Dartmouth",-63.5,44.666667,201
"Davis Cove",-54.336,47.649,202
"Days Landing",-66.22,45.37,203
"Deadman'S Bay",-53.693,49.361,204
"Deep Bay",-54.2833,49.6667,205
"Deep Cove Island",-66.03,43.66,206
"Degras",-59.218,48.478,207
"Delaps Cove",-65.666667,44.75,208
"Dennis Point (Lower West Pubnico)",-65.8,43.616667,209
"Descousse",-60.95,45.566667,210
"Digby",-65.766667,44.616667,211
"Dildo",-53.564,47.564,212
"Dildo South",-53.57,47.523,213
"Dingwall",-60.509722,46.833333,214
"Dipper Harbour",-66.55,45.1,215
"Douglas Harbour",-66.1,45.92,216
"Dover",-61.05,45.2833333333333,217
"Dover (Little Dover)",-61,45.283333,218
"Drum Head",-61.583333,45.133333,219
"Dublin Shore",-64.366667,44.25,220
"Duntara",-53.3667,48.6,221
"East Chezzetcook",-63.233333,44.716667,222
"East Dover",-63.85,44.5,223
"East Ferry",-66.2,44.383333,224
"East Ironbound Island",-64.1,44.45,225
"East Jeddore (Bakers Point)",-63,44.733333,226
"East Petpeswick",-63.166667,44.75,227
"East Side Port Lhebert",-64.95,43.816667,228
"Eastern Passage",-63.483333,44.633333,229
"Ecum Secum",-62.133333,44.95,230
"Ecum Secum West",-62.166667,44.95,231
"Eddies Cove East",-56.447,51.408,232
"Eddies Cove West",-57.179,50.752,233
"Ellerslie",-63.916667,46.616667,234
"Elliston",-53.05,48.6333,235
"Englee",-56.1,50.7333,236
"English Harbour East",-55,47.6,237
"English Harbour West",-55.522,47.463,238
"English Point",-56.9333,51.4833,239
"Englishtown",-60.583333,46.283333,240
"Enmore",-64.054167,46.595833,241
"Escuminac",-64.883333,47.079167,242
"Evandale",-66.04,45.58,243
"Exploits Island",-55.0667,49.5167,244
"Factory Cove",-62.383333,45.883333,245
"Fair Haven",-53.9,47.5333,246
"Fairhaven",-67,44.96,247
"Falls Point",-65.566667,43.55,248
"Feltzen South",-64.316667,44.333333,249
"Fermeuse",-52.9667,46.9833,250
"Ferryland",-52.898,47.02,251
"Finlay Point",-61.458333,46.016667,252
"Fishels",-58.717,48.321,253
"Fishermans Harbour",-61.666667,45.083333,254
"Fishing Cove",-64.1375,46.408333,255
"Five Fathom Hole",-66.35,45.2,256
"Five Islands",-64.083333,45.416667,257
"Flat Bay",-58.5833,48.4,258
"Flat Islands (Port Elizabeth)",-54.92,47.26,259
"Flat Mud Island",-66,43.516667,260
"Flat Rock Tickle",-55.806,49.467,261
"Flatrock",-52.721,47.705,262
"Fleur De Lys",-56.1333,50.1167,263
"Flower'S Cove",-56.733,51.299,264
"Fogo",-54.2833,49.7167,265
"Forbes Point",-65.75,43.566667,266
"Forest Field",-53.447,47.165,267
"Forresters Point",-56.805,51.172,268
"Forteau",-56.949,51.464,269
"Fortune",-55.8333,47.0667,270
"Fourchu",-60.233333,45.733333,271
"Fox Harbour",-53.931,47.319,272
"Fox Island River",-58.6833,48.7,273
"Fox Point",-64.066667,44.616667,274
"Fox Roost",-59.05,47.5667,275
"Foxtrap",-53.006,47.512,276
"Francois",-56.753,47.573,277
"Frederickton",-54.387,49.427,278
"Freeport (Northeast Cove)",-66.333333,44.283333,279
"Freeport (South Cove)",-66.333333,44.266667,280
"Freeport-Fish Point Wharf",-66.333333,44.266667,281
"French River",-63.504167,46.516667,282
"French River - South Landing",-63.5,46.5125,283
"Frenchman'S Cove (Bay Of Islan",-58.232,49.068,284
"Frenchman'S Cove (Fortune Bay)",-55.451,47.198,285
"Gabarus",-60.133333,45.833333,286
"Gammons Creek (John Volgers Shore)",-62.333333,45.9,287
"Garden Cove",-54.173,47.856,288
"Garnish",-55.373,47.241,289
"Gaskiers",-53.636,46.867,290
"Gaultois",-55.9,47.6,291
"Georges Cove",-55.7667,52.5833,292
"Georgetown",-62.533333,46.179167,293
"Gerow",-66.05,45.62,294
"Gillard'S Cove",-54.743,49.604,295
"Glace Bay",-59.916667,46.183333,296
"Glovers Harbour",-55.494,49.46,297
"Glovertown",-54.041,48.679,298
"Goldboro",-61.65,45.183333,299
"Goose Cove",-55.63,51.298,300
"Gooseberry Cove",-53.649,48.044,301
"Gordons Point",-64.075,46.745833,302
"Graham Pond",-62.458333,46.095833,303
"Grand Bank",-55.7667,47.1,304
"Grand Bruit",-58.2333,47.6667,305
"Grand Etang",-61.041667,46.55,306
"Grand Le Pierre",-54.797,47.675,307
"Grande-Aldouane",-64.875,46.7125,308
"Grande-Anse",-65.178333,47.818056,309
"Grates Cove",-52.9333,48.1667,310
"Gravels (Port Au Port)",-58.7167,48.55,311
"Greek River",-62.545833,46.054167,312
"Green Garden (Hill)",-59.185,48.488,313
"Green Island Brook",-56.525,51.394,314
"Green Island Cove",-56.579,51.376,315
"Green'S Harbour",-53.518,47.639,316
"Greenspond",-53.608,49.07,317
"Grey River",-57.1,47.5833,318
"Griquet",-55.47,51.521,319
"Gull Cove (Whitehead Island)",-66.7,44.64,320
"Gullivers Cove",-65.95,44.616667,321
"Gunning Cove",-65.334,43.683,322
"Half Island Cove",-61.183333,45.366667,323
"Halls Harbour",-64.633333,45.233333,324
"Hampden",-56.47,52.521,325
"Hampstead",-66.07,45.63,326
"Hampton",-65.35,44.916667,327
"Hant'S Harbour",-53.278,48.021,328
"Happy Adventure",-53.753,48.652,329
"Harbour Breton",-55.814,47.485,330
"Harbour Grace",-53.2167,47.7,331
"Harbour Le Cou",-58.6833,47.6167,332
"Harbour Main",-53.166,47.435,333
"Harbour Mille",-54.898,47.571,334
"Harbour Round",-55.778,49.917,335
"Hardwicke (French River)",-65.016667,47.079167,336
"Harrigan Cove",-62.266667,44.916667,337
"Hatfield Point",-65.85,45.65,338
"Havre Boucher",-61.525,45.7375,339
"Hay Cove",-55.5167,51.6,340
"Head Harbour",-66.93,44.93,341
"Heart'S Content",-53.377,47.87,342
"Heart'S Delight",-53.478,47.773,343
"Heart'S Desire",-53.45,47.8167,344
"Heatherton",-58.781,48.282,345
"Hermitage",-55.949,47.567,346
"Herring Cove",-63.533333,44.583333,347
"Herring Neck",-54.685,49.608,348
"Hibbs Cove",-53.196,47.607,349
"Hickman'S Harbour",-53.747,48.106,350
"Higgins Shore (Prince County)",-64.0875,46.55,351
"Highlands (Eel Hole)",-58.953,48.17,352
"Hillgrade",-54.695,49.579,353
"Holyrood",-53.139,47.386,354
"Hopeall",-53.5167,47.6167,355
"Howards Cove",-64.379167,46.7375,356
"Hunts Point",-64.933333,43.966667,357
"Indian Point",-64.333333,44.466667,358
"Ingalls Head",-66.75,44.66,359
"Ingomar (Black Point)",-65.366667,43.566667,360
"Ingonish (Macleods Point)",-60.336111,46.668056,361
"Ingonish Beach",-60.336111,46.616667,362
"Ingonish Ferry (South Ingonish)",-60.336111,46.6,363
"Inverness (Mcisaac Pond)",-61.316667,46.233333,364
"Isle Aux Morts",-58.9833,47.5833,365
"Isle Valen",-54.403,47.478,366
"Islington",-53.512,47.752,367
"Jackson'S Arm",-56.817,49.862,368
"Jackson'S Cove",-55.988,49.679,369
"Jacquet River",-66.025,47.925,370
"Jamestown",-53.805,48.443,371
"Janvrin Harbour",-61.166667,45.566667,372
"Jenkins Cove",-54.755,49.682,373
"Jerseyside",-53.976,47.25,374
"Job'S Cove",-53.0167,47.9833,375
"Joe Batt'S Arm",-54.167,49.718,376
"Joggins (Two Rivers Point)",-64.45,45.7,377
"Johns Island",-66.033333,43.666667,378
"Jones Harbour",-64.983333,43.933333,379
"Josephine'S Cove (Barr'D Harbour)",-57.141,50.768,380
"Judes Point",-64.004167,46.954167,381
"Judique (Baxters Cove)",-61.504167,4.925,382
"Keels",-53.4,48.608,383
"Keirs Shore",-63.7,46.520833,384
"Kelleys Cove",-66.116667,43.783333,385
"Ketch Harbour",-63.55,44.483333,386
"King'S Cove",-53.3333,48.5667,387
"Kings Bay",-60.336111,46.666667,388
"Kingsport",-64.366667,45.166667,389
"Kraut Point (Riverport)",-64.333333,44.283333,390
"L'Anse-Au-Clair",-57.0833,51.4167,391
"L'Anse-Au-Loup",-56.8333,51.5167,392
"La Scie",-55.6,49.95,393
"Ladle Cove",-54.085,49.473,394
"Lamaline",-55.75,46.8667,395
"Lameque",-64.658333,47.795833,396
"Larcheveque",-60.583333,45.6,397
"Lark Harbour",-58.3833,49.1,398
"Larrys River",-61.366667,45.233333,399
"Launching Pond",-62.4125,46.220833,400
"Lawn",-55.555,46.947,401
"Le Goulet",-64.666667,47.720833,402
"Leading Tickles West",-55.452,49.498,403
"Ledge Harbour",-65.816667,43.616667,404
"Lennox Island",-63.858333,46.6,405
"Leonardville",-66.95,44.97,406
"Lepreau (Belas Basin)",-66.53,45.13,407
"Letete",-66.9,45.06,408
"Lime Kiln Bay",-66.86,45.06,409
"Lingan",-60.033333,46.216667,410
"Liscomb",-62,45.033333,411
"Little Anse",-60.916667,45.5,412
"Little Bay (La Poile)",-58.418,47.683,413
"Little Burnt Bay",-55.102,49.356,414
"Little Dipper Harbour",-66.35,45.15,415
"Little Harbour (Pictou Co.)",-60.716667,45.566667,416
"Little Harbour East",-54.872,47.602,417
"Little Heart'S Ease",-53.723,48.018,418
"Little Judique Harbour",-65.033333,43.916667,419
"Little Judique Ponds",-61.525,45.958333,420
"Little Liscomb",-61.97,45.05,421
"Little Paradise",-54.5833,47.3667,422
"Little Pokemouche Gully",-64.733333,47.691667,423
"Little Port",-58.4333,49.1,424
"Little River (Digby Co.)",-66.116667,44.416667,425
"Little River (Victoria Co.)",-60.583333,46.416667,426
"Little River Harbour (Yarmouth Co.)",-66.05,43.733333,427
"Little St. Lawrence",-55.373,46.928,428
"Little Tancook",-64.133333,44.483333,429
"Liverpool -Fishermens Wharf",-64.733333,44.05,430
"Livingstone Cove",-61.983333,45.870833,431
"Lockeport",-65.1,43.7,432
"Lockeport Harbour (Ragged Island)",-65.083333,43.683333,433
"Loggiecroft (Kouchibouguac)",-64.933333,46.833333,434
"Loggieville",-65.383333,47.070833,435
"Long Cove",-64.9333,43.8333,436
"Long Cove (Medway)",-64.583333,44.1,437
"Long Harbour (Mount Arlington",-53.866,47.427,438
"Long Pond Manuels",-52.97,47.53,439
"Lord'S Cove",-55.634,46.9,440
"Lords Cove",-66.95,45,441
"Lorneville",-66.15,45.2,442
"Louisbourg",-60,45.916667,443
"Lourdes",-59.001,48.66,444
"Lower Burlington",-64.133333,45.066667,445
"Lower East Pubnico",-65.766667,43.6083,446
"Lower Gagetown (Foxs)",-66.15,45.76,447
"Lower Island Cove",-52.9833,48,448
"Lower Jordan Bay",-65.266667,43.85,449
"Lower Lance Cove",-53.683,48.154,450
"Lower Lardoise",-61.733333,45.583333,451
"Lower Montague",-62.5625,46.170833,452
"Lower Newcastle",-65.391667,47.079167,453
"Lower Prospect",-63.716667,44.45,454
"Lower Sandy Point",-65.3165,43.683,455
"Lower Wedgeport -Tuna Wharf",-66,43.733333,456
"Lower Woods Harbour",-65.75,43.516667,457
"Lumsden",-53.616,49.313,458
"Lunenburg (Battery Point)",-64.316667,44.383333,459
"Lunenburg - Fishermens Wharf",-64.333333,44.383333,460
"Lunenburg - Railway Wharf",-64.316667,44.4,461
"Lushes Bight",-55.722,49.588,462
"Mabou Harbour",-61.466667,46.0875,463
"Macdonalds Cove",-62.991667,45.791667,464
"Maces Bay",-66.53,45.1,465
"Machons Point",-62.5125,46.0125,466
"Mahone Bay",-64.383333,44.45,467
"Main-A-Dieu",-59.75,46,468
"Mainland",-59.164,48.593,469
"Maisonnette",-64.983333,47.8375,470
"Makkovik",-59.1833,55.0833,471
"Malagash",-63.295833,45.775,472
"Mall Bay",-53.5833,46.9833,473
"Malloch Beach (North Road)",-66.95,44.92,474
"Malpeque Cove (Malpeque)",-63.704167,46.558333,475
"Marble Mountain",-61.05,45.816667,476
"Marches Cove (Lourdes)",-59.049,48.645,477
"Margaree",-59.05,47.5667,478
"Margaree Harbour (Belle Cote)",-61.108333,46.441667,479
"Margaretsville",-65.066667,45.05,480
"Marie Joseph",-62.083333,44.95,481
"Marion Bridge",-60.166667,46,482
"Marystown (Little Bay)",-55.148,47.167,483
"Maugerville",-66.47,45.87,484
"Mcalpines",-66.1,45.72,485
"Mcauleys Shore (Pinette River)",-62.929167,46.058333,486
"Mccallum",-56.266,47.634,487
"Mcdonalds Point (Macdonald Poi",-66.04,45.72,488
"Mceacherns Point (Wishart Point)",-64.966667,47.341667,489
"Meat Cove",-60.558333,47.025,490
"Melbourne (Frog Point)",-66.033333,43.8,491
"Merasheen",-54.35,47.4167,492
"Merigomish",-62.420833,45.6375,493
"Meteghan",-66.2,44.2,494
"Meteghan River",-66.166667,44.233333,495
"Middle Arm",-56.136,49.698,496
"Middle Point Cove",-64.966667,44.5,497
"Miles Cove",-55.788,49.541,498
"Mill Cove",-64.066667,44.566667,499
"Miller Brook (Salmon Beach)",-65.5,47.670833,500
"Milligans Shore (Milligans Wharf)",-63.916667,46.658333,501
"Miminegash",-64.2375,46.879167,502
"Ming'S Bight",-56.054,49.977,503
"Mink River",-62.529167,46.05,504
"Mira River",-59.9,46.1,505
"Miscou",-64.575,47.9,506
"Monkstown",-54.437,47.578,507
"Montague",-62.645833,46.166667,508
"Moose Harbour",-64.683333,44.066667,509
"Moreton'S Harbour",-54.865,49.59,510
"Morris Island",-65.916667,43.766667,511
"Mortier",-55.1,47.1,512
"Motts",-66,45.79,513
"Muises Point",-65.9667,43.766667,514
"Murphys Pond",-61.545833,46.025,515
"Murray River",-62.608333,46.0125,516
"Musgrave Harbour",-53.995,49.447,517
"Musgravetown",-53.917,48.376,518
"Nain",-61.849,56.585,519
"Naufrage",-62.416667,46.466667,520
"Neguac",-65.075,47.241667,521
"Neils Harbour",-60.334722,46.833333,522
"New Bonaventure",-53.45,48.2833,523
"New Campbellton",-60.5,46.283333,524
"New Chelsea",-53.221,48.031,525
"New Edinburgh",-66.016667,44.433333,526
"New Harbour",-64.0833333333333,44.4666666666667,527
"New Harbour (Guysborough Co.)",-61.433333,0.752778,528
"New Harbour (Lunenburg Co.)",-64.083333,44.483333,529
"New Haven",-60.333333,46.833333,530
"New London",-63.5125,46.470833,531
"New Mills",-66.1875,47.970833,532
"New Perlican",-53.37,47.913,533
"New Waterford",-60.083333,46.25,534
"Newellton",-65.62,43.47,535
"Newmans Cove",-53.2,48.5833,536
"Newstead",-54.895,49.389,537
"Newtown",-53.5167,49.2,538
"Nine Mile Creek",-63.216667,46.15,539
"Nippers Harbour",-55.864,49.796,540
"Norris Point",-57.874,49.528,541
"North Cardigan (Newport)",-62.525,46.216667,542
"North Harbour (Placentia Bay)",-54.116,47.863,543
"North Harbour (St.Mary'S Bay)",-53.641,47.178,544
"North Head -Fishermens Wharf",-66.72,45.77,545
"North Lake",-62.070833,46.466667,546
"North Rustico",-63.308333,46.454167,547
"North Sydney - Marina Brkwtr",-60.25,46.233333,548
"North Sydney-Ballast Grounds",-60.233333,46.216667,549
"Northport",-63.875,45.933333,550
"Northwest Cove",-64.016667,44.533333,551
"Nyanza",-60.9,46.083333,552
"O'Donnells",-53.5667,47.0667,553
"Oak Point",-66.09,45.52,554
"Ochre Pit Cove",-53.079,47.912,555
"Oderin",-54.833,47.291,556
"Old Bonaventure",-53.4333,48.2833,557
"Old House Rock (St. Pauls)",-57.822,49.897,558
"Old Perlican",-53.0167,48.0833,559
"Old Shop",-53.5833,47.5333,560
"Open Hall",-53.486,48.539,561
"Oromocto -Low Water Wharf",-66.49,45.85,562
"Osborne Harbour",-65.116667,43.916667,563
"Ostrea Lake",-63.083333,44.716667,564
"Owls Head",-62.833333,44.733333,565
"Oyster Creek",-60.266667,46.283333,566
"Pacquet",-55.8833,49.9833,567
"Panmure Island",-62.504167,46.141667,568
"Parkers Cove",-65.516667,44.816667,569
"Parkers Cove (NFLD)",-54.87,47.396,570
"Parson'S Pond",-57.7167,50.0333,571
"Peggys Cove",-63.916667,44.5,572
"Pereaux (Delhaven)",-64.416667,45.183333,573
"Peter'S River",-53.63,46.768,574
"Petit Forte",-54.6667,47.4,575
"Petit Shippagan (Little Shippagan)",-64.579167,47.879167,576
"Petit-De-Grat - Co-Op Wharf",-60.95,45.533333,577
"Petit-De-Grat - Fishermens Wharf",-60.916667,45.5,578
"Petit-De-Grat -Richmond Wharf",-60.916667,45.5,579
"Petit-De-Grat- North Entrance",-60.916667,45.5,580
"Petit-Rocher",-65.708333,47.7875,581
"Petite-Riviere-De-Lile",-64.65,47.870833,582
"Petites",-58.6333,47.6167,583
"Petty Harbour",-52.7167,47.4667,584
"Phillips Head",-55.3,49.2333,585
"Piccadilly",-58.92,48.569,586
"Pictou Island",-62.6375,45.804167,587
"Pictou Landing",-62.683333,45.675,588
"Pigeon Hill",-64.508333,47.875,589
"Pinette",-62.1625,46.054167,590
"Pinkneys Point",-66.1,43.733333,591
"Pinware",-56.7,51.6167,592
"Pirate Harbour",-61.4,45.616667,593
"Placentia",-53.965,47.248,594
"Plate Cove East",-53.496,48.513,595
"Plate Cove West",-53.526,48.501,596
"Pleasant Bay",-60.8,46.833333,597
"Pleasantview (Paradise)",-55.346,49.36,598
"Plum Point",-56.8833,51.0667,599
"Plymouth",-66,43.833333,600
"Point Aconi (Mccreadyville)",-60.283333,46.333333,601
"Point Au Gaul",-55.654,46.88,602
"Point Crewe",-55.983,46.915,603
"Point Lance",-54.0833,46.8167,604
"Point Leamington",-55.41,49.321,605
"Point Michaud",-60.666667,45.583333,606
"Point Prim",-63.041667,46.05,607
"Pointe-A-Bouleaux",-64.875,47.508333,608
"Pointe-Du-Chene",-64.525,46.241667,609
"Pointe-Sapin",-64.833333,46.958333,610
"Pointe-Verte",-65.7625,47.854167,611
"Poirierville",-60.933333,45.55,612
"Pond Cove",-56.847,51.113,613
"Pool'S Cove",-55.451,47.697,614
"Poplar Point (Point Poplar)",-62.4875,46.270833,615
"Port Albert",-54.537,49.543,616
"Port Au Bras",-55.1167,47.0833,617
"Port Au Choix",-57.3667,50.7167,618
"Port Bickerton East",-61.716667,45.083333,619
"Port Bickerton West",-61.733333,45.083333,620
"Port Blandford",-54.175,48.359,621
"Port De Grave",-53.217,47.59,622
"Port Felix",-61.216667,45.25,623
"Port George",-65.166667,45,624
"Port Harmon",-58.5833,48.55,625
"Port Hilford",-61.85,45.083333,626
"Port Hill",-63.866667,46.591667,627
"Port Hood",-61.5375,46.016667,628
"Port Hood Island",-61.558333,46.0125,629
"Port Kirwan",-52.9167,46.9667,630
"Port La Tour",-65.45,43.5,631
"Port Lorne",-65.266667,44.95,632
"Port Maitland",-66.15,43.9833333333333,633
"Port Medway",-64.583333,44.15,634
"Port Morien",-59.883333,46.133333,635
"Port Mouton",-64.85,43.916667,636
"Port Saunders",-57.3,50.65,637
"Porters Cove",-66,43.783333,638
"Portland Creek",-57.6167,50.1667,639
"Portugal Cove",-52.867,47.626,640
"Portugal Cove South",-53.276,46.714,641
"Portuguese Cove",-63.516667,44.533333,642
"Pouch Cove",-52.777,47.764,643
"Princeton",-53.6,48.416,644
"Prospect",-63.783333,44.483333,645
"Public Landing",-66.2,45.42,646
"Pugwash",-63.666667,45.85,647
"Queensport",-61.25,45.333333,648
"Queenstown",-66.11,45.68,649
"Quidi Vidi",-52.682,47.58,650
"Quirpon",-55.4833,51.5833,651
"Raleigh",-55.7333,51.5667,652
"Ramea",-57.382,47.528,653
"Red Bay",-56.4167,51.7333,654
"Red Cliff",-53.498,48.562,655
"Red Harbour",-55.01,47.295,656
"Red Head",-62.716667,46.429167,657
"Red Head Cove",-66.015,45.25,658
"Reefs Harbour",-57.0167,51.0167,659
"Rencontre East",-55.232,47.638,660
"Renews",-52.957,46.9333,661
"Richardson",-66.95,44.99,662
"Richibucto",-64.866667,46.679167,663
"River Bourgeois (Bissetts)",-61.916667,45.633333,664
"River Of Ponds",-57.4,50.5333,665
"Riverhead",-53.5167,46.9667,666
"Robert'S Arm",-55.814,49.488,667
"Rocky Harbour",-57.932,49.597,668
"Rose Bay",-64.316667,44.283333,669
"Rose Blanche",-58.6833,47.6167,670
"Rossway",-65.95,44.583333,671
"Rothesay",-66,45.38,672
"Round Harbour",-55.662,49.85,673
"Rushoon",-54.929,47.345,674
"Rustico Harbour",-63.295833,46.454167,675
"Sally'S Cove",-57.9333,49.7333,676
"Salvage",-53.657,48.689,677
"Sambro",-63.566667,44.466667,678
"Sambro Creek",-63.566667,44.433333,679
"Sand Point -Recreation Wharf",-66.2,45.34,680
"Sandford",-66.15,43.9166666666667,681
"Sandy Cove (Strait Of Belle Is",-56.6666,51.35,682
"Sandy Cove East",-66.05,44.483333,683
"Sandy Cove West",-66.05,44.5,684
"Sandyville (Dawson'S Cove)",-55.932,47.571,685
"Saulnierville",-66.15,44.25,686
"Savage Cove",-56.7,51.3333,687
"Savage Harbour",-62.841667,46.429167,688
"Savoy Landing",-64.691667,47.754167,689
"Saw Pit (Lunenburg) -Back Harbour",-64.333333,44.416667,690
"Scatarie Island",-59.683333,46.033333,691
"Seacow Pond",-63.991667,47.029167,692
"Seal Cove (Connaigre Bay)",-56.148,47.474,693
"Seal Cove (Heatherton)",-58.771,48.29,694
"Seal Cove (White Bay)",-56.407,49.929,695
"Seal Cove - Hazen Pier/Bkwtr",-66.85,44.65,696
"Seal Harbour",-61.566667,45.166667,697
"Seal Island (Crowells Cove)",-66.016667,43.416667,698
"Seal Island (East Cove)",-66.016667,43.4,699
"Seeleys Cove",-66.65,45.07,700
"Seldom Come By",-54.2,49.6,701
"Shad Bay",-63.783333,44.533333,702
"Shag Harbour",-65.7,43.5,703
"Shag Harbour (Prospect Point)",-65.733333,43.483333,704
"Sheaves Cove",-59.1,48.517,705
"Shediac",-64.545833,46.225,706
"Shediac Bridge",-64.575,46.275,707
"Ship Cove (Cape Onion)",-55.6333,51.6,708
"Ship Cove (Conception Bay)",-53.209,47.594,709
"Ship Cove (St.George'S Bay)",-58.95,48.5167,710
"Ship Harbour",-53.903,47.366,711
"Shippagan",-64.7,47.745833,712
"Shoal Cove West",-57.0167,51.0167,713
"Shoe Cove",-55.562,49.911,714
"Short Beach",-66.166667,43.933333,715
"Sibleys Cove",-53.114,48.044,716
"Skinners Cove",-63.045833,45.791667,717
"Skinners Pond",-64.129167,46.966667,718
"Sluice Point",-65.966667,43.816667,719
"Smelt Brook",-60.511111,46.8,720
"Smith'S Harbour",-55.996,49.737,721
"Smithsville",-65.45,43.483333,722
"Smokey",-57.2333,54.4667,723
"Snooks Arm",-55.71,49.854,724
"Sober Island",-62.466667,44.85,725
"Sonora",-61.9,45.05,726
"Sop'S Arm",-56.877,49.784,727
"South Bar",-60.2,46.216667,728
"South East Bight",-54.591,47.396,729
"South River (Murray Harbour)",-62.525,46.008333,730
"South Rustico",-63.116667,46.416667,731
"South Side",-65.5833,43.45,732
"South West Port Mouton",-64.833333,43.916667,733
"Southern Harbour",-53.9667,47.7167,734
"Southport",-53.634,48.055,735
"Spaniard'S Bay",-53.2833,47.6167,736
"Spectacle Island",-60.75,46.083333,737
"Spencers Island",-64.716667,45.35,738
"Spirity Cove",-57.349,50.615,739
"Spoon Cove",-53.228,47.64,740
"Spry Bay",-62.6,44.833333,741
"Square Islands",-55.8333,52.7333,742
"St. Andrews - Fishermens Wharf",-67.05,45.07,743
"St. Anthony",-55.588,51.361,744
"St. Anthony Bight",-55.564,51.384,745
"St. Bernard'S",-54.968,47.53,746
"St. Brendan'S (Shoal & Dock Co",-53.6667,48.8667,747
"St. Bride'S",-54.187,46.932,748
"St. Carols",-55.512,51.364,749
"St. Catherines River",-43.85,52,750
"St. David'S (Crabbe'S River)",-58.869,48.223,751
"St. Francis Harbour",-61.3,45.416667,752
"St. George'S",-58.4833,48.4333,753
"St. Jacques",-55.437,47.489,754
"St. John'S (Prosser Rock)",-52.715,47.567,755
"St. Jones Within",-53.801,48.029,756
"St. Joseph'S",-53.5167,47.1167,757
"St. Lawrence",-55.401,46.913,758
"St. Lewis",-55.6833,52.3667,759
"St. Lunaire",-55.496,51.492,760
"St. Martins",-65.67,45.35,761
"St. Mary'S",-53.5833,46.9167,762
"St. Phillips",-52.9,47.595,763
"St. Shotts",-53.608,46.632,764
"St. Simon (Centre-Saint-Simon)",-64.825,47.7375,765
"St. Thomas",-64.6375,46.45,766
"Stag Harbour",-54.269,49.576,767
"Stanhope",-63.116667,46.416667,768
"Stanley Bridge",-63.458333,46.4625,769
"Stonehaven",-65.3625,47.754167,770
"Stoney Island",-65.575,43.4667,771
"Straitsview (Spillars Cove)",-55.482,51.585,772
"Stuart Town",-66.94,45.02,773
"Sturgeon",-62.533333,46.125,774
"Sturgeon (Bridge)",-62.541667,46.120833,775
"Sugar Loaf (Aspy Bay)",-60.508333,46.833333,776
"Summerford",-54.815,49.485,777
"Summerville",-64.1666666666667,45.1,778
"Sunnyside",-53.948,47.863,779
"Surettes Island (The Tittle)",-65.933333,43.766667,780
"Sweet Bay",-53.657,48.439,781
"Swims Point",-69.6,43.45,782
"Tacks Beach",-54.1,47.55,783
"Tangier (Masons Point)",-62.683333,44.783333,784
"Taylortown",-66.42,45.87,785
"Terence Bay",-63.733333,44.483333,786
"The Hawk",-65.616667,43.416667,787
"The Whistle (Whistle Beach)",-66.78,44.8,788
"Thornlea",-53.7167,47.6,789
"Three Fathom Harbour",-63.3,44.666667,790
"Three Mile Rock",-57.862,49.823,791
"Three Rock Cove",-59.111,48.625,792
"Three Stick Cove (False Bay)",-59.9,46.116667,793
"Tickle Cove",-53.4833,48.5833,794
"Tignish",-63.995833,46.95,795
"Tilting",-54.107,49.736,796
"Tiverton - Fishermens Wharf",-59.9,46.116667,797
"Tizzard'S Harbour",-54.809,49.593,798
"Toney River",-62.891667,45.775,799
"Torbay",-61.3666666666667,45.2,800
"Townsends Harbour",-65.116667,43.683333,801
"Tracadie",-63.029167,46.404167,802
"Tracadie",-64.9125,47.525,803
"Trepassey",-53.374,46.748,804
"Trinity East",-53.372,48.386,805
"Triton West",-55.636,49.525,806
"Trout River",-58.1333,49.4833,807
"Trouty",-53.412,48.307,808
"Turners Island",-62.316667,45.883333,809
"Twillingate (Shoal Tickle)",-54.771,49.636,810
"Upper Gagetown",-66.17,45.82,811
"Upper Island Cove",-53.211,47.647,812
"Upper Jemseg",-66.1,45.83,813
"Upper Maugerville",-66.55,45.9,814
"Upper Port La Tour",-65.45,43.516667,815
"Upper Prospect",-63.783333,44.483333,816
"Upper Whitehead",-61.166667,45.25,817
"Val-Comeau",-64.836111,47.4625,818
"Valley Pond",-54.86,49.56,819
"Valleyfield",-53.649,49.139,820
"Vernon River (Bridge)",-62.883333,46.175,821
"Victoria",-63.491667,46.2125,822
"Victoria -Bridge",-65.2125,47.041667,823
"Victoria Bridge",-60.283333,45.833333,824
"Virgin Arm",-54.785,49.534,825
"Voglers Cove East",-64.533333,44.15,826
"Waterborough",-66,45.9,827
"Wedge Point (Wedgeport)",-65.983333,43.733333,828
"Welshpool",-66.95,44.87,829
"Welshs Cove",-66.5,45.15,830
"Wesleyville",-53.5667,49.15,831
"West Arichat",-61.083333,45.533333,832
"West Bay Centre",-58.95,48.6,833
"West Berlin",-64.6,44.083333,834
"West Dover",-63.866667,44.5,835
"West Green Harbour",-65.2,43.883333,836
"West Head",-65.65,43.45,837
"West Point",-64.370833,46.616667,838
"West St. Modeste",-56.7,51.6,839
"Western Head (Queens)",-64.683333,44,840
"Western Shore",-64.316667,44.533333,841
"Westfield",-66.25,45.36,842
"Westport",-66.35,44.2666666666667,843
"Westport (Irishtown)",-66.35,44.283333,844
"Westport - Ferry Wharf",-66.35,44.283333,845
"Whale Cove",-66.183333,44.416667,846
"Whale Cove  (N.B.)",-66.74,44.77,847
"White Head",-66.71,44.63,848
"White Point",-60.5125,46.8,849
"Whites Bluff",-66.11,45.46,850
"Whiteway",-53.494,47.697,851
"Wickham",-66.08,45.64,852
"Wild Bight",-55.9,51.6,853
"Wild Cove",-56.353,49.991,854
"Williams",-66.09,45.48,855
"Wilsons Beach",-66.93,44.93,856
"Wine Harbour",-61.85,45.066667,857
"Winterton",-53.344,47.958,858
"Witless Bay",-52.8333,47.2833,859
"Wood Island (Inner Wood Island",-66.85,44.63,860
"Wood Islands",-62.75,45.954167,861
"Woodwards Cove",-66.75,44.7,862
"Woody Point",-57.922,49.508,863
"Wreck Cove",-55.609,47.509,864
"Yarmouth Bar",-66.15,43.816667,865
"Youghall Point - Haul-Out",-65.629167,47.658333,866
"Youngs Cove",-65.94,45.95,867
